{
    "loss": 0.15502360463142395,
    "accuracy": 0.9568965435028076
}