{
    "loss": 0.22615383565425873,
    "accuracy": 0.9396551847457886
}