{
    "loss": 0.17171131074428558,
    "accuracy": 0.9396551847457886
}