{
    "loss": 0.17281436920166016,
    "accuracy": 0.9568965435028076
}